<?xml version="1.0" encoding="UTF-8"?>
<configuration>
 
    <property name="LOGS" value="./logs" />
 
    <appender name="Console"
        class="ch.qos.logback.core.ConsoleAppender">
        <filter class="ch.qos.logback.classic.filter.ThresholdFilter">
            <level>INFO</level>
        </filter>
        <layout class="ch.qos.logback.classic.PatternLayout">
            <Pattern>
                %d{yyyy-MM-dd HH:mm:ss} [%thread] %-5level %logger{36} - %msg%n
            </Pattern>
        </layout>
    </appender>
 
    <appender name="File"
        class="ch.qos.logback.core.rolling.RollingFileAppender">
        <file>${LOGS}/spring-boot-logger.log</file>
        <encoder
            class="ch.qos.logback.classic.encoder.PatternLayoutEncoder">
            <Pattern>%d %p %C{1.} [%t] %m%n</Pattern>
        </encoder>
 
        <rollingPolicy
            class="ch.qos.logback.core.rolling.TimeBasedRollingPolicy">
            <!-- rollover daily and when the file reaches 10 MegaBytes -->
            <fileNamePattern>${LOGS}/archived/spring-boot-logger-%d{yyyy-MM-dd}.%i.log
            </fileNamePattern>
            <timeBasedFileNamingAndTriggeringPolicy
                class="ch.qos.logback.core.rolling.SizeAndTimeBasedFNATP">
                <maxFileSize>10MB</maxFileSize>
            </timeBasedFileNamingAndTriggeringPolicy>
            <maxHistory>15</maxHistory>
        </rollingPolicy>
    </appender>
    
     <appender name="ErrorFile"
        class="ch.qos.logback.core.rolling.RollingFileAppender">
        <file>${LOGS}/error-logger.log</file>
          <filter class="ch.qos.logback.classic.filter.LevelFilter">
	      <level>ERROR</level>
	      <onMatch>ACCEPT</onMatch>
	      <onMismatch>DENY</onMismatch>
	    </filter>
        <encoder
            class="ch.qos.logback.classic.encoder.PatternLayoutEncoder">
            <Pattern>%d %p %C{1.} [%t] %m%n</Pattern>
        </encoder>
 
        <rollingPolicy
            class="ch.qos.logback.core.rolling.TimeBasedRollingPolicy">
            <!-- rollover daily and when the file reaches 10 MegaBytes -->
            <fileNamePattern>${LOGS}/archived/error-logger-%d{yyyy-MM-dd}.%i.log
            </fileNamePattern>
            <timeBasedFileNamingAndTriggeringPolicy
                class="ch.qos.logback.core.rolling.SizeAndTimeBasedFNATP">
                <maxFileSize>10MB</maxFileSize>
            </timeBasedFileNamingAndTriggeringPolicy>
            <maxHistory>15</maxHistory>
        </rollingPolicy>
    </appender>
    
      <appender name="InfoFile"
        class="ch.qos.logback.core.rolling.RollingFileAppender">
        <file>${LOGS}/info-logger.log</file>
          <filter class="ch.qos.logback.classic.filter.LevelFilter">
	      <level>INFO</level>
	      <onMatch>ACCEPT</onMatch>
	      <onMismatch>DENY</onMismatch>
	    </filter>
        <encoder
            class="ch.qos.logback.classic.encoder.PatternLayoutEncoder">
            <Pattern>%d %p %C{1.} [%t] %m%n</Pattern>
        </encoder>
 
        <rollingPolicy
            class="ch.qos.logback.core.rolling.TimeBasedRollingPolicy">
            <!-- rollover daily and when the file reaches 10 MegaBytes -->
            <fileNamePattern>${LOGS}/archived/info-logger-%d{yyyy-MM-dd}.%i.log
            </fileNamePattern>
            <timeBasedFileNamingAndTriggeringPolicy
                class="ch.qos.logback.core.rolling.SizeAndTimeBasedFNATP">
                <maxFileSize>10MB</maxFileSize>
            </timeBasedFileNamingAndTriggeringPolicy>
            <maxHistory>15</maxHistory>
        </rollingPolicy>
    </appender>
    
      <appender name="WarnFile"
        class="ch.qos.logback.core.rolling.RollingFileAppender">
        <file>${LOGS}/warn-logger.log</file>
          <filter class="ch.qos.logback.classic.filter.LevelFilter">
	      <level>WARN</level>
	      <onMatch>ACCEPT</onMatch>
	      <onMismatch>DENY</onMismatch>
	    </filter>
        <encoder
            class="ch.qos.logback.classic.encoder.PatternLayoutEncoder">
            <Pattern>%d %p %C{1.} [%t] %m%n</Pattern>
        </encoder>
 
        <rollingPolicy
            class="ch.qos.logback.core.rolling.TimeBasedRollingPolicy">
            <!-- rollover daily and when the file reaches 10 MegaBytes -->
            <fileNamePattern>${LOGS}/archived/warn-logger-%d{yyyy-MM-dd}.%i.log
            </fileNamePattern>
            <timeBasedFileNamingAndTriggeringPolicy
                class="ch.qos.logback.core.rolling.SizeAndTimeBasedFNATP">
                <maxFileSize>10MB</maxFileSize>
            </timeBasedFileNamingAndTriggeringPolicy>
            <maxHistory>15</maxHistory>
        </rollingPolicy>
    </appender>
    
    <appender name="SFile"
        class="ch.qos.logback.core.rolling.RollingFileAppender">
        <file>${LOGS}/security-logger.log</file>

		<filter class="com.ftn.security.SecurityFilter"/>

        <encoder
            class="ch.qos.logback.classic.encoder.PatternLayoutEncoder">
            <Pattern>%d %p %C{1.} [%t] %m%n</Pattern>
        </encoder>

        <rollingPolicy
            class="ch.qos.logback.core.rolling.TimeBasedRollingPolicy">
            <!-- rollover daily and when the file reaches 10 MegaBytes -->
            <fileNamePattern>${LOGS}/archived/security-logger-%d{yyyy-MM-dd}.%i.log
            </fileNamePattern>
            <timeBasedFileNamingAndTriggeringPolicy
                class="ch.qos.logback.core.rolling.SizeAndTimeBasedFNATP">
                <maxFileSize>10MB</maxFileSize>
            </timeBasedFileNamingAndTriggeringPolicy>
            <maxHistory>15</maxHistory>
        </rollingPolicy>
    </appender>


   <appender name="NFile"
        class="ch.qos.logback.core.rolling.RollingFileAppender">
        <file>${LOGS}/nepor-logger.log</file>

		 <filter class="com.ftn.security.NeporFilter"/>

        <encoder
            class="ch.qos.logback.classic.encoder.PatternLayoutEncoder">
            <Pattern>%d %p %C{1.} [%t] %m%n</Pattern>
        </encoder>
        <rollingPolicy
            class="ch.qos.logback.core.rolling.TimeBasedRollingPolicy">
            <!-- rollover daily and when the file reaches 10 MegaBytes -->
            <fileNamePattern>${LOGS}/archived/nepor-logger-%d{yyyy-MM-dd}.%i.log
            </fileNamePattern>
            <timeBasedFileNamingAndTriggeringPolicy
                class="ch.qos.logback.core.rolling.SizeAndTimeBasedFNATP">
                <maxFileSize>10MB</maxFileSize>
            </timeBasedFileNamingAndTriggeringPolicy>
            <maxHistory>10</maxHistory>
        </rollingPolicy>
    </appender>
    
     <appender name="DebugFile"
        class="ch.qos.logback.core.rolling.RollingFileAppender">
        <file>${LOGS}/debug-logger.log</file>
        <filter class="ch.qos.logback.classic.filter.LevelFilter">
	      <level>DEBUG</level>
	      <onMatch>ACCEPT</onMatch>
	      <onMismatch>DENY</onMismatch>
	    </filter>
        <encoder
            class="ch.qos.logback.classic.encoder.PatternLayoutEncoder">
            <Pattern>%d %p %C{1.} [%t] %m%n</Pattern>
        </encoder>

        <rollingPolicy
            class="ch.qos.logback.core.rolling.TimeBasedRollingPolicy">
            <!-- rollover daily and when the file reaches 10 MegaBytes -->
            <fileNamePattern>${LOGS}/archived/debug-logger-%d{yyyy-MM-dd}.%i.log
            </fileNamePattern>
            <timeBasedFileNamingAndTriggeringPolicy
                class="ch.qos.logback.core.rolling.SizeAndTimeBasedFNATP">
                <maxFileSize>10MB</maxFileSize>
            </timeBasedFileNamingAndTriggeringPolicy>
            <maxHistory>15</maxHistory>
        </rollingPolicy>
    </appender>
    
   

    
	<!-- info,warn,error -> console -->
    <root level="INFO">
        <appender-ref ref="Console" />
    </root>

    <logger name="com.ftn" level="TRACE" additivity="false">
        <appender-ref ref="File" />
        <appender-ref ref="Console" />
        <appender-ref ref="ErrorFile" />
        <appender-ref ref="WarnFile" />
        <appender-ref ref="InfoFile" />
          <appender-ref ref="SFile" />
        <appender-ref ref="NFile" />
        <appender-ref ref="DebugFile" />

    </logger>

    
 
</configuration>
